origin_score_mean,unmatch_score_mean
32.008353908356455,16.47845152343509
