origin_score_mean,unmatch_score_mean
29.32931164741516,23.03939254760742
